"","mean.g","median.g"
"predator",15238.5023651609,1750
"prey",28.4121810691878,1.49
"ratio",0.0531171889908049,0.00081203007518797
